﻿<?xml version="1.0" encoding="utf-8"?>
<publishData>
  <publishProfile publishUrl="\\tn-sqldevel\C$\WebApps\TravelCarddev" deleteExistingFiles="True" ftpAnonymousLogin="False" ftpPassiveMode="True" msdeploySite="" msdeploySiteID="" msdeployRemoteSitePhysicalPath="" msdeployAllowUntrustedCertificate="False" msdeploySkipExtraFilesOnServer="True" msdeployMarkAsApp="False" profileName="Profile1" publishMethod="FileSystem" replaceMatchingFiles="False" userName="" savePWD="False" userPWD="" SelectedForPublish="True">
    <file relUrl="Views/PartSetUp/GetDeviationFile2.aspx" publishTime="02/16/2012 16:31:25" />
    <file relUrl="Views/TravelCard/PartSearch.aspx" publishTime="02/14/2012 18:33:29" />
    <file relUrl="Views/PartSetUp/PartSetUpListing.aspx" publishTime="02/14/2012 18:33:28" />
    <file relUrl="Views/PartSetUp/GetQualityAlertFile2.aspx" publishTime="02/16/2012 16:16:12" />
    <file relUrl="bin/Antlr3.Runtime.dll" publishTime="06/07/2011 15:13:28" />
    <file relUrl="Content/jquery-1.4.1.min.js" publishTime="02/14/2012 18:33:18" />
    <file relUrl="Scripts/theme/images/ui-bg_diagonals-small_100_f0efea_40x40.png" publishTime="02/14/2012 18:33:27" />
    <file relUrl="bin/hibernate.cfg.xml" publishTime="02/14/2012 18:33:18" />
    <file relUrl="Views/PartSpecification/PickPartSpecificationstoClone.aspx" publishTime="02/15/2012 15:37:02" />
    <file relUrl="Content/ui.all.css" publishTime="02/14/2012 18:33:18" />
    <file relUrl="Content/images/notepad.png" publishTime="02/14/2012 18:33:18" />
    <file relUrl="Views/Shared/WPF.Master" publishTime="02/14/2012 18:33:29" />
    <file relUrl="bin/wnvhtmlconvert.dll" publishTime="05/05/2011 15:53:46" />
    <file relUrl="bin/Ideal.DomainModel.dll" publishTime="03/22/2012 00:14:20" />
    <file relUrl="bin/ephtmltopdf.xml" publishTime="08/30/2011 12:00:22" />
    <file relUrl="Scripts/theme/ui.all.css" publishTime="02/14/2012 18:33:26" />
    <file relUrl="Views/PartSetUp/PartSetUpGlobalReleaseReadyEditor.aspx" publishTime="02/15/2012 15:13:35" />
    <file relUrl="Views/PartSetUp/GetDeviationFile.aspx" publishTime="02/16/2012 16:16:11" />
    <file relUrl="Content/images/helpIcon.jpg" publishTime="02/14/2012 18:33:18" />
    <file relUrl="Scripts/theme/images/ui-bg_highlight-soft_95_ffedad_1x100.png" publishTime="02/14/2012 18:33:27" />
    <file relUrl="Web.ConfigProd/WebProd.config" publishTime="02/14/2012 18:33:30" />
    <file relUrl="Scripts/theme/images/ui-bg_glow-ball_25_2e2e28_600x600.png" publishTime="02/14/2012 18:33:27" />
    <file relUrl="bin/System.Data.dll" publishTime="03/18/2010 19:31:26" />
    <file relUrl="Views/PartSetUp/PartSetUpEdit.aspx" publishTime="02/15/2012 15:20:02" />
    <file relUrl="Views/Web.config" publishTime="02/14/2012 18:33:28" />
    <file relUrl="Scripts/theme/images/ui-bg_flat_35_f0f0f0_40x100.png" publishTime="02/14/2012 18:33:27" />
    <file relUrl="Views/TravelCard/PartMaintenanceIndex.aspx" publishTime="02/14/2012 18:33:29" />
    <file relUrl="Scripts/jquery.validate.js" publishTime="02/14/2012 18:33:26" />
    <file relUrl="bin/NHibernate.ByteCode.Castle.dll" publishTime="06/07/2011 15:13:28" />
    <file relUrl="Scripts/jquery.showLoading.min.js" publishTime="02/14/2012 18:33:26" />
    <file relUrl="bin/NHibernate.ByteCode.Castle.xml" publishTime="06/07/2011 15:13:28" />
    <file relUrl="Views/PartSetUp/GetDieSetUpFile.aspx" publishTime="02/16/2012 16:16:12" />
    <file relUrl="Scripts/theme/ui.datepicker.css" publishTime="02/14/2012 18:33:27" />
    <file relUrl="Views/AdditionalProcesses/AdditionalProcessesEdit.aspx" publishTime="02/15/2012 15:37:03" />
    <file relUrl="Views/PartSetUp/GetDrawingFile.aspx" publishTime="02/16/2012 16:16:12" />
    <file relUrl="Views/PartSetUp/GetAdditionalFile.aspx" publishTime="02/16/2012 16:16:11" />
    <file relUrl="Views/BarCode/TCBarCodeDisplay.ascx" publishTime="02/14/2012 18:33:28" />
    <file relUrl="Views/PartSpecification/PartSpecificationDetails.ascx" publishTime="02/14/2012 18:33:29" />
    <file relUrl="Scripts/theme/ui.core.css" publishTime="02/14/2012 18:33:27" />
    <file relUrl="Scripts/MicrosoftAjax.js" publishTime="02/14/2012 18:33:26" />
    <file relUrl="Scripts/theme/ui.resizable.css" publishTime="02/14/2012 18:33:27" />
    <file relUrl="Scripts/fg.menu.css" publishTime="02/14/2012 18:33:26" />
    <file relUrl="Scripts/theme/images/ui-bg_glass_55_fcf0ba_1x400.png" publishTime="02/14/2012 18:33:27" />
    <file relUrl="Scripts/theme/images/ui-bg_highlight-soft_25_5A9D1A_1x100.png" publishTime="02/14/2012 18:33:27" />
    <file relUrl="Scripts/jquery-1.3.2.min.js" publishTime="02/14/2012 18:33:26" />
    <file relUrl="Scripts/theme/images/ui-icons_ffffff_256x240.png" publishTime="02/14/2012 18:33:27" />
    <file relUrl="bin/IBM.Data.DB2.iSeries.dll" publishTime="12/11/2007 05:10:00" />
    <file relUrl="Scripts/theme/ui.tabs.css" publishTime="02/14/2012 18:33:27" />
    <file relUrl="Scripts/theme/images/ui-icons_808080_256x240.png" publishTime="02/14/2012 18:33:27" />
    <file relUrl="Scripts/theme/ui.accordion.css" publishTime="02/14/2012 18:33:26" />
    <file relUrl="Scripts/MicrosoftMvcAjax.debug.js" publishTime="02/14/2012 18:33:26" />
    <file relUrl="Views/TravelCard/PrintTravelCard_US.aspx" publishTime="02/15/2012 15:47:36" />
    <file relUrl="Views/PartSpecification/ClonePartSpecifications.aspx" publishTime="03/11/2012 20:17:18" />
    <file relUrl="Views/PartSetUp/PartSetUpGlobalDeviation2FileEditor.aspx" publishTime="02/17/2012 15:12:51" />
    <file relUrl="Scripts/Quality.js" publishTime="02/14/2012 18:33:26" />
    <file relUrl="bin/TravelCard.DomainModel.pdb" publishTime="03/22/2012 00:12:18" />
    <file relUrl="Views/PartSetUp/PartSetUpGlobalQualityAlertFileEditor.aspx" publishTime="03/11/2012 17:11:40" />
    <file relUrl="Scripts/jquery-1.3.2.min-vsdoc.js" publishTime="02/14/2012 18:33:26" />
    <file relUrl="Views/MeasurementMethod/MeasurementMethodCreate.aspx" publishTime="02/15/2012 15:37:02" />
    <file relUrl="log4net.config" publishTime="02/14/2012 18:33:18" />
    <file relUrl="Scripts/jquery.ui.core.js" publishTime="02/14/2012 20:35:55" />
    <file relUrl="bin/TravelCard.pdb" publishTime="03/22/2012 00:14:27" />
    <file relUrl="Views/PartSpecification/PartSpecificationCreate.aspx" publishTime="02/15/2012 15:37:02" />
    <file relUrl="bin/IdealData.Infrastructure.pdb" publishTime="03/22/2012 00:14:24" />
    <file relUrl="Scripts/theme/images/ui-icons_8DC262_256x240.png" publishTime="02/14/2012 18:33:27" />
    <file relUrl="bin/Iesi.Collections.dll" publishTime="06/07/2011 15:13:28" />
    <file relUrl="Content/ui.datepicker.css" publishTime="02/14/2012 18:33:18" />
    <file relUrl="Content/images/ideallogo.gif" publishTime="02/14/2012 18:33:18" />
    <file relUrl="Views/UserProfile/UserListing.aspx" publishTime="02/26/2012 17:10:23" />
    <file relUrl="bin/Castle.DynamicProxy2.dll" publishTime="06/07/2011 15:13:28" />
    <file relUrl="Content/ui.theme.css" publishTime="02/14/2012 18:33:18" />
    <file relUrl="Scripts/jquery.tipsy.js" publishTime="02/14/2012 18:33:26" />
    <file relUrl="bin/Elmah.pdb" publishTime="02/02/2012 15:11:56" />
    <file relUrl="Views/AdditionalProcesses/PickAdditionalProcessestoClone.aspx" publishTime="02/15/2012 15:37:03" />
    <file relUrl="Scripts/jquery.download.js" publishTime="02/14/2012 18:33:26" />
    <file relUrl="Content/ui.core.css" publishTime="02/14/2012 18:33:18" />
    <file relUrl="bin/log4net.dll" publishTime="09/29/2011 09:38:04" />
    <file relUrl="Scripts/MicrosoftMvcValidation.js" publishTime="02/14/2012 18:33:26" />
    <file relUrl="Content/images/table-sorter/desc.gif" publishTime="02/14/2012 18:33:18" />
    <file relUrl="Views/PartSetUp/GetGreenLightRedLightFile.aspx" publishTime="02/16/2012 16:16:12" />
    <file relUrl="Web.config" publishTime="02/17/2012 14:46:00" />
    <file relUrl="Scripts/theme/images/ui-bg_highlight-soft_100_f0efea_1x100.png" publishTime="02/14/2012 18:33:27" />
    <file relUrl="Scripts/MicrosoftMvcValidation.debug.js" publishTime="02/14/2012 18:33:26" />
    <file relUrl="bin/System.Data.SqlServerCe.dll" publishTime="02/02/2012 15:11:57" />
    <file relUrl="Views/AdditionalProcesses/CloneAdditionalProcesses.aspx" publishTime="02/15/2012 15:37:03" />
    <file relUrl="bin/System.Web.Mvc.dll" publishTime="02/17/2010 07:24:14" />
    <file relUrl="bin/System.Web.Mvc.xml" publishTime="02/17/2010 07:22:24" />
    <file relUrl="Scripts/jquery-1.3.2-vsdoc.js" publishTime="02/14/2012 18:33:26" />
    <file relUrl="bin/Npgsql.dll" publishTime="02/02/2012 15:11:57" />
    <file relUrl="Content/jquery-ui-1.8.custom.css" publishTime="02/14/2012 18:33:18" />
    <file relUrl="Views/AdditionalProcesses/AdditionalProcessessCreate.aspx" publishTime="02/15/2012 15:37:03" />
    <file relUrl="Content/images/table-sorter/asc.gif" publishTime="02/14/2012 18:33:18" />
    <file relUrl="Views/TravelCard/Index.aspx" publishTime="02/14/2012 18:33:29" />
    <file relUrl="Views/TravelCard/TravelCardPrint.aspx" publishTime="02/16/2012 16:47:54" />
    <file relUrl="bin/IBM.Data.DB2.iSeries.xml" publishTime="12/11/2007 05:10:00" />
    <file relUrl="Scripts/theme/ui.progressbar.css" publishTime="02/14/2012 18:33:27" />
    <file relUrl="Views/MeasurementMethod/MeasurementMethodEdit.aspx" publishTime="02/15/2012 15:37:02" />
    <file relUrl="Scripts/theme/images/ui-bg_inset-soft_22_3b3b35_1x100.png" publishTime="02/14/2012 18:33:27" />
    <file relUrl="bin/Mono.Security.dll" publishTime="02/02/2012 15:11:57" />
    <file relUrl="Global.asax" publishTime="02/14/2012 18:33:18" />
    <file relUrl="bin/es-MX/TravelCard.resources.dll" publishTime="03/22/2012 00:14:27" />
    <file relUrl="Views/PartSetUp/PartSetUpGlobalDrawingFileEditor.aspx" publishTime="02/15/2012 15:26:06" />
    <file relUrl="Views/PartSetUp/PartSetUpGlobalQualityAlertFile2Editor.aspx" publishTime="03/11/2012 18:33:47" />
    <file relUrl="bin/Castle.Core.dll" publishTime="06/07/2011 15:13:27" />
    <file relUrl="Scripts/theme/ui.dialog.css" publishTime="02/14/2012 18:33:27" />
    <file relUrl="Content/images/table-sorter/bg.gif" publishTime="02/14/2012 18:33:18" />
    <file relUrl="Default.aspx" publishTime="02/14/2012 18:33:18" />
    <file relUrl="Scripts/fg.menu.js" publishTime="02/14/2012 18:33:26" />
    <file relUrl="Views/TravelCard/Imprimir_Tarjeta_de_Viaje_MX.aspx" publishTime="02/14/2012 18:33:29" />
    <file relUrl="favicon.ico" publishTime="02/14/2012 18:33:18" />
    <file relUrl="Web.ConfigTest/WebTest.config" publishTime="02/14/2012 18:33:30" />
    <file relUrl="Views/Shared/TravelCard.Master" publishTime="02/14/2012 18:33:29" />
    <file relUrl="Views/UserProfile/Menubar.ascx" publishTime="03/11/2012 17:11:40" />
    <file relUrl="bin/NHibernate.xml" publishTime="06/07/2011 15:13:28" />
    <file relUrl="Content/images/pdf.gif" publishTime="02/14/2012 18:33:18" />
    <file relUrl="Scripts/jquery-1.4.1.js" publishTime="02/14/2012 18:33:26" />
    <file relUrl="Scripts/jquery.validate-vsdoc.js" publishTime="02/14/2012 18:33:26" />
    <file relUrl="Scripts/jquery-1.6.2.min.js" publishTime="02/14/2012 18:33:26" />
    <file relUrl="Scripts/theme/ui.slider.css" publishTime="02/14/2012 18:33:27" />
    <file relUrl="Views/PartSetUp/GetSetUpInstructionsFile.aspx" publishTime="02/16/2012 16:16:12" />
    <file relUrl="Scripts/jquery.tablesorter.min.js" publishTime="02/14/2012 18:33:26" />
    <file relUrl="NoAccess.aspx" publishTime="02/14/2012 18:33:18" />
    <file relUrl="bin/Elmah.dll" publishTime="02/02/2012 15:11:56" />
    <file relUrl="Views/PartSpecification/LogOnUserControl.ascx" publishTime="02/14/2012 18:33:29" />
    <file relUrl="Content/images/spinner_bar.gif" publishTime="02/14/2012 18:33:18" />
    <file relUrl="Views/PartCategory/PartCategoryEdit.aspx" publishTime="02/15/2012 15:37:02" />
    <file relUrl="Content/images/Ideal_TridonLogo.jpg" publishTime="02/14/2012 18:33:18" />
    <file relUrl="bin/Castle.DynamicProxy2.xml" publishTime="06/07/2011 15:13:28" />
    <file relUrl="Views/PartSetUp/PartSetUpGlobalRemarkEditor.aspx" publishTime="02/15/2012 15:13:35" />
    <file relUrl="bin/Ninject.dll" publishTime="05/05/2011 15:53:46" />
    <file relUrl="Content/ui.base.css" publishTime="02/14/2012 18:33:18" />
    <file relUrl="Scripts/theme/ui.base.css" publishTime="02/14/2012 18:33:27" />
    <file relUrl="bin/Ideal.DomainModel.pdb" publishTime="03/22/2012 00:14:20" />
    <file relUrl="Scripts/theme/images/ui-icons_e7e6e4_256x240.png" publishTime="02/14/2012 18:33:27" />
    <file relUrl="Views/PartCategory/PartCategoryCreate.aspx" publishTime="02/15/2012 15:37:02" />
    <file relUrl="Views/Frequency/FrequencyMaintenance.aspx" publishTime="02/14/2012 18:33:28" />
    <file relUrl="Views/PartSetUp/GetQualityAlertFile.aspx" publishTime="02/16/2012 16:41:40" />
    <file relUrl="bin/Castle.Core.xml" publishTime="06/07/2011 15:13:27" />
    <file relUrl="Views/TravelCard/SpanishCardSearch.aspx" publishTime="02/14/2012 18:33:29" />
    <file relUrl="bin/MySql.Data.dll" publishTime="02/02/2012 15:11:57" />
    <file relUrl="Views/AdditionalProcesses/AdditionalProcessDetails.ascx" publishTime="02/06/2012 13:02:11" />
    <file relUrl="Views/Frequency/FrequencyEdit.aspx" publishTime="02/15/2012 15:37:03" />
    <file relUrl="Views/Frequency/FrequencyCreate.aspx" publishTime="02/15/2012 15:37:03" />
    <file relUrl="Scripts/jquery-1.4.1.min.js" publishTime="02/14/2012 18:33:26" />
    <file relUrl="FileNotFound.htm" publishTime="02/14/2012 18:33:18" />
    <file relUrl="Scripts/jquery-1.4.1-vsdoc.js" publishTime="02/14/2012 18:33:26" />
    <file relUrl="bin/NHibernate.dll" publishTime="06/07/2011 15:13:28" />
    <file relUrl="Views/PartSetUp/PartSetUpGlobalDeviationFileEditor.aspx" publishTime="02/17/2012 12:45:52" />
    <file relUrl="bin/PdfViewerAspNet.dll" publishTime="06/30/2011 16:07:42" />
    <file relUrl="Content/Site.css" publishTime="02/14/2012 18:33:18" />
    <file relUrl="bin/ephtmltopdf.dll" publishTime="08/30/2011 12:00:22" />
    <file relUrl="Views/PartSetUp/PartSetUpSearch.aspx" publishTime="02/15/2012 15:13:35" />
    <file relUrl="bin/TravelCard.DomainModel.dll" publishTime="03/22/2012 00:12:18" />
    <file relUrl="Content/images/close_help_icon.png" publishTime="02/14/2012 18:33:18" />
    <file relUrl="Scripts/MicrosoftAjax.debug.js" publishTime="02/14/2012 18:33:26" />
    <file relUrl="Views/PartSetUp/PartSetUpCreate.aspx" publishTime="02/15/2012 15:47:36" />
    <file relUrl="Content/images/loading.gif" publishTime="02/14/2012 18:33:18" />
    <file relUrl="bin/Iesi.Collections.xml" publishTime="06/07/2011 15:13:28" />
    <file relUrl="Views/Reports/Showpdf.aspx" publishTime="02/14/2012 18:33:29" />
    <file relUrl="Views/PartSpecification/SetSpecificationSequenceOrder.aspx" publishTime="02/14/2012 18:33:29" />
    <file relUrl="Views/Shared/Error.aspx" publishTime="02/14/2012 18:33:29" />
    <file relUrl="bin/TravelCard.dll" publishTime="03/22/2012 00:14:27" />
    <file relUrl="Views/PartCategory/PartCategoryMaintenance.aspx" publishTime="02/14/2012 18:33:28" />
    <file relUrl="Content/fg.menu.css" publishTime="02/14/2012 18:33:18" />
    <file relUrl="Views/Reports/DisplayOutPuttedPDF.ascx" publishTime="02/14/2012 18:33:29" />
    <file relUrl="Scripts/theme/images/ui-bg_highlight-soft_25_327E04_1x100.png" publishTime="02/14/2012 18:33:27" />
    <file relUrl="Views/PartSetUp/PartSetUpDetails.ascx" publishTime="02/16/2012 16:21:06" />
    <file relUrl="Scripts/jquery-ui-1.8.custom.css" publishTime="02/14/2012 18:33:26" />
    <file relUrl="Scripts/theme/images/ui-icons_cd0a0a_256x240.png" publishTime="02/14/2012 18:33:27" />
    <file relUrl="bin/PdfViewerAspNet.xml" publishTime="06/30/2011 16:07:42" />
    <file relUrl="Scripts/jquery-1.3.2.js" publishTime="02/14/2012 18:33:26" />
    <file relUrl="bin/Elmah.xml" publishTime="02/02/2012 15:11:56" />
    <file relUrl="Scripts/MicrosoftMvcAjax.js" publishTime="02/14/2012 18:33:26" />
    <file relUrl="Content/images/loading-bars.gif" publishTime="02/14/2012 18:33:18" />
    <file relUrl="Scripts/jquery.ui.datepicker.js" publishTime="02/14/2012 21:06:18" />
    <file relUrl="Scripts/tipsy.css" publishTime="02/14/2012 18:33:26" />
    <file relUrl="Scripts/theme/ui.theme.css" publishTime="02/14/2012 18:33:27" />
    <file relUrl="Views/UserProfile/UserHeadline.ascx" publishTime="02/26/2012 17:10:10" />
    <file relUrl="Views/UserProfile/SelectPlant.aspx" publishTime="02/26/2012 17:09:56" />
    <file relUrl="Content/jquery-1.3.2.js" publishTime="02/14/2012 18:33:18" />
    <file relUrl="Views/PartSpecification/PartSpecificationEdit.aspx" publishTime="02/15/2012 15:37:02" />
    <file relUrl="Scripts/jquery.validate.min.js" publishTime="02/14/2012 18:33:26" />
    <file relUrl="Scripts/theme/images/ui-icons_eeeeee_256x240.png" publishTime="02/14/2012 18:33:27" />
    <file relUrl="bin/System.Data.SQLite.dll" publishTime="02/02/2012 15:11:57" />
    <file relUrl="Views/TravelCard/TravelCard.aspx" publishTime="02/14/2012 18:33:29" />
    <file relUrl="Scripts/JQuery.Color.js" publishTime="02/14/2012 18:33:26" />
    <file relUrl="Views/MeasurementMethod/MeasurementMethodMaintenance.aspx" publishTime="02/14/2012 18:33:28" />
    <file relUrl="Scripts/jquery.dialogBox.js" publishTime="02/14/2012 18:33:26" />
    <file relUrl="Views/Shared/Site.Master" publishTime="02/15/2012 13:04:11" />
    <file relUrl="Views/BarCode/BarCodeDisplay.ascx" publishTime="02/14/2012 18:33:28" />
    <file relUrl="Views/Home/About.aspx" publishTime="02/14/2012 18:33:28" />
    <file relUrl="bin/IdealData.Infrastructure.dll" publishTime="03/22/2012 00:14:24" />
  </publishProfile>
</publishData>