﻿<?xml version="1.0" encoding="utf-8" ?>
<hibernate-configuration xmlns="urn:nhibernate-configuration-2.2">
  <session-factory>
    <property name="connection.provider">
      NHibernate.Connection.DriverConnectionProvider
    </property>
    <property name="connection.driver_class">
      NHibernate.Driver.SqlClientDriver
    </property>
    <property name="connection.connection_string">
      Server=ILYA\SQL2008;database=testHibernate;user id=sa;password=1;persist security info=False;
    </property>
    <property name="dialect">
      NHibernate.Dialect.MsSql2000Dialect
    </property>
    <property name="show_sql">
      false
    </property>
    <property name='proxyfactory.factory_class'>NHibernate.ByteCode.Castle.ProxyFactoryFactory, NHibernate.ByteCode.Castle</property>
  </session-factory>
</hibernate-configuration>
